Workbook

Sheet Progress
A1: HubSpot API Learning Progress
A3: Phase | B3: Total | C3: Done | D3: In Progress | E3: Stuck | F3: % Done
A4: 0 Concepts | B4: =COUNTIF(Checklist!$D$2:$D$71,A4) | C4: =COUNTIFS(Checklist!$D$2:$D$71,A4,Checklist!$K$2:$K$71,"Done") | D4: =COUNTIFS(Checklist!$D$2:$D$71,A4,Checklist!$K$2:$K$71,"In Progress") | E4: =COUNTIFS(Checklist!$D$2:$D$71,A4,Checklist!$K$2:$K$71,"Stuck") | F4: =IF(B4=0,0,C4/B4)
A5: 1 Setup | B5: =COUNTIF(Checklist!$D$2:$D$71,A5) | C5: =COUNTIFS(Checklist!$D$2:$D$71,A5,Checklist!$K$2:$K$71,"Done") | D5: =COUNTIFS(Checklist!$D$2:$D$71,A5,Checklist!$K$2:$K$71,"In Progress") | E5: =COUNTIFS(Checklist!$D$2:$D$71,A5,Checklist!$K$2:$K$71,"Stuck") | F5: =IF(B5=0,0,C5/B5)
A6: 2 Basic CRUD | B6: =COUNTIF(Checklist!$D$2:$D$71,A6) | C6: =COUNTIFS(Checklist!$D$2:$D$71,A6,Checklist!$K$2:$K$71,"Done") | D6: =COUNTIFS(Checklist!$D$2:$D$71,A6,Checklist!$K$2:$K$71,"In Progress") | E6: =COUNTIFS(Checklist!$D$2:$D$71,A6,Checklist!$K$2:$K$71,"Stuck") | F6: =IF(B6=0,0,C6/B6)
A7: 3 Custom properties | B7: =COUNTIF(Checklist!$D$2:$D$71,A7) | C7: =COUNTIFS(Checklist!$D$2:$D$71,A7,Checklist!$K$2:$K$71,"Done") | D7: =COUNTIFS(Checklist!$D$2:$D$71,A7,Checklist!$K$2:$K$71,"In Progress") | E7: =COUNTIFS(Checklist!$D$2:$D$71,A7,Checklist!$K$2:$K$71,"Stuck") | F7: =IF(B7=0,0,C7/B7)
A8: 4 Set value by type | B8: =COUNTIF(Checklist!$D$2:$D$71,A8) | C8: =COUNTIFS(Checklist!$D$2:$D$71,A8,Checklist!$K$2:$K$71,"Done") | D8: =COUNTIFS(Checklist!$D$2:$D$71,A8,Checklist!$K$2:$K$71,"In Progress") | E8: =COUNTIFS(Checklist!$D$2:$D$71,A8,Checklist!$K$2:$K$71,"Stuck") | F8: =IF(B8=0,0,C8/B8)
A9: 5 Search | B9: =COUNTIF(Checklist!$D$2:$D$71,A9) | C9: =COUNTIFS(Checklist!$D$2:$D$71,A9,Checklist!$K$2:$K$71,"Done") | D9: =COUNTIFS(Checklist!$D$2:$D$71,A9,Checklist!$K$2:$K$71,"In Progress") | E9: =COUNTIFS(Checklist!$D$2:$D$71,A9,Checklist!$K$2:$K$71,"Stuck") | F9: =IF(B9=0,0,C9/B9)
A10: 6 Batch | B10: =COUNTIF(Checklist!$D$2:$D$71,A10) | C10: =COUNTIFS(Checklist!$D$2:$D$71,A10,Checklist!$K$2:$K$71,"Done") | D10: =COUNTIFS(Checklist!$D$2:$D$71,A10,Checklist!$K$2:$K$71,"In Progress") | E10: =COUNTIFS(Checklist!$D$2:$D$71,A10,Checklist!$K$2:$K$71,"Stuck") | F10: =IF(B10=0,0,C10/B10)
A11: 7 Associations | B11: =COUNTIF(Checklist!$D$2:$D$71,A11) | C11: =COUNTIFS(Checklist!$D$2:$D$71,A11,Checklist!$K$2:$K$71,"Done") | D11: =COUNTIFS(Checklist!$D$2:$D$71,A11,Checklist!$K$2:$K$71,"In Progress") | E11: =COUNTIFS(Checklist!$D$2:$D$71,A11,Checklist!$K$2:$K$71,"Stuck") | F11: =IF(B11=0,0,C11/B11)
A12: 8 Association labels | B12: =COUNTIF(Checklist!$D$2:$D$71,A12) | C12: =COUNTIFS(Checklist!$D$2:$D$71,A12,Checklist!$K$2:$K$71,"Done") | D12: =COUNTIFS(Checklist!$D$2:$D$71,A12,Checklist!$K$2:$K$71,"In Progress") | E12: =COUNTIFS(Checklist!$D$2:$D$71,A12,Checklist!$K$2:$K$71,"Stuck") | F12: =IF(B12=0,0,C12/B12)
A13: 9 Errors and limits | B13: =COUNTIF(Checklist!$D$2:$D$71,A13) | C13: =COUNTIFS(Checklist!$D$2:$D$71,A13,Checklist!$K$2:$K$71,"Done") | D13: =COUNTIFS(Checklist!$D$2:$D$71,A13,Checklist!$K$2:$K$71,"In Progress") | E13: =COUNTIFS(Checklist!$D$2:$D$71,A13,Checklist!$K$2:$K$71,"Stuck") | F13: =IF(B13=0,0,C13/B13)
A14: 10 Cleanup | B14: =COUNTIF(Checklist!$D$2:$D$71,A14) | C14: =COUNTIFS(Checklist!$D$2:$D$71,A14,Checklist!$K$2:$K$71,"Done") | D14: =COUNTIFS(Checklist!$D$2:$D$71,A14,Checklist!$K$2:$K$71,"In Progress") | E14: =COUNTIFS(Checklist!$D$2:$D$71,A14,Checklist!$K$2:$K$71,"Stuck") | F14: =IF(B14=0,0,C14/B14)
A15: 11 Mini project | B15: =COUNTIF(Checklist!$D$2:$D$71,A15) | C15: =COUNTIFS(Checklist!$D$2:$D$71,A15,Checklist!$K$2:$K$71,"Done") | D15: =COUNTIFS(Checklist!$D$2:$D$71,A15,Checklist!$K$2:$K$71,"In Progress") | E15: =COUNTIFS(Checklist!$D$2:$D$71,A15,Checklist!$K$2:$K$71,"Stuck") | F15: =IF(B15=0,0,C15/B15)
A16: TOTAL | B16: =SUM(B4:B15) | C16: =SUM(C4:C15) | D16: =SUM(D4:D15) | E16: =SUM(E4:E15) | F16: =IF(B16=0,0,C16/B16)
A18: How to use this workbook
A19: 1. Work top to bottom in the Checklist tab, roughly one 'Day' per study session (2 to 3 hours).
A20: 2. Edit ONLY the yellow columns: Status (dropdown), Status code I got, My notes. This tab updates itself.
A21: 3. Before sending each request, guess the status code. Then record what you actually got.
A22: 4. Rows with TL step = 'New' were added to the original sheet (concepts, setup, mini project).
A23: Example of a filled row: Status = Done | Status code I got = 409 | My notes = Duplicate email returns 409, existing id is in the message text
A24: Every request: base URL https://api.hubapi.com, header Authorization: Bearer <token>, header Content-Type: application/json

Sheet Checklist
A1: # | B1: TL step | C1: Day | D1: Phase | E1: Level | F1: Topic | G1: Task | H1: Method | I1: Endpoint / where | J1: What to expect / notice | K1: Status | L1: Status code I got | M1: My notes
A2: 1 | B2: New | C2: Day 1 | D2: 0 Concepts | E2: Basic | F2: Concepts | G2: Learn the vocabulary: object, record, property, internal name vs label, association, association label, archive (see Concepts tab) | H2: Docs | I2: - | J2: You can explain each term in one sentence | K2: Not Started
A3: 2 | B3: New | C3: Day 1 | D3: 0 Concepts | E3: Basic | F3: UI tour | G3: In the HubSpot UI: create 1 contact and 1 company by hand, link them, open Settings > Properties | H3: UI | I3: - | J3: You know what a record, property and association look like before using the API | K3: Not Started
A4: 3 | B4: New | C4: Day 1 | D4: 1 Setup | E4: Basic | F4: Setup | G4: Create a free developer account and a Developer Test Account (has Enterprise features, needed for labels in steps 51 to 62) | H4: UI | I4: developers.hubspot.com | J4: Test account opens; you have its Hub ID | K4: Not Started
A5: 4 | B5: New | C5: Day 1 | D5: 1 Setup | E5: Basic | F5: Setup | G5: Install Postman, create environment with variables base_url = https://api.hubapi.com and token | H5: Tool | I5: - | J5: Every request uses header Authorization: Bearer {{token}} | K5: Not Started
A6: 5 | B6: 1 | C6: Day 1 | D6: 1 Setup | E6: Basic | F6: Setup | G6: Create a private app (may be called Legacy app) with contacts and companies read/write scopes AND crm.schemas.contacts / crm.schemas.companies read/write; copy the token | H6: UI | I6: Settings > Integrations > Private Apps (or Development > Legacy apps) | J6: Token copied into Postman environment | K6: Not Started
A7: 6 | B7: 2 | C7: Day 1 | D7: 1 Setup | E7: Basic | F7: Setup | G7: Check the token works | H7: GET | I7: /crm/v3/objects/contacts?limit=1 | J7: 200 = OK, 401 = bad token, 403 = missing scope | K7: Not Started
A8: 7 | B8: 3 | C8: Day 2 | D8: 2 Basic CRUD | E8: Basic | F8: CRUD | G8: Create one contact (use an email like test+1@yourdomain.com so cleanup is easy) | H8: POST | I8: /crm/v3/objects/contacts | J8: Body {"properties":{"email":"..","firstname":".."}}. 201, save the returned id | K8: Not Started
A9: 8 | B9: 4 | C9: Day 2 | D9: 2 Basic CRUD | E9: Basic | F9: CRUD | G9: Read the contact by id and ask for specific properties | H9: GET | I9: /crm/v3/objects/contacts/{id}?properties=email,firstname,phone | J9: Only a few properties come back unless you ask | K9: Not Started
A10: 9 | B10: 5 | C10: Day 2 | D10: 2 Basic CRUD | E10: Basic | F10: CRUD | G10: Read the contact by email | H10: GET | I10: /crm/v3/objects/contacts/{email}?idProperty=email | J10: idProperty lets you use email as the id | K10: Not Started
A11: 10 | B11: 6 | C11: Day 2 | D11: 2 Basic CRUD | E11: Basic | F11: CRUD | G11: Update the contact | H11: PATCH | I11: /crm/v3/objects/contacts/{id} | J11: Only the fields you send change | K11: Not Started
A12: 11 | B12: 7 | C12: Day 2 | D12: 2 Basic CRUD | E12: Basic | F12: CRUD | G12: Create the same email again | H12: POST | I12: /crm/v3/objects/contacts | J12: 409 Conflict; message contains the existing contact id | K12: Not Started
A13: 12 | B13: 8 | C13: Day 2 | D13: 2 Basic CRUD | E13: Basic | F13: CRUD | G13: Archive the contact | H13: DELETE | I13: /crm/v3/objects/contacts/{id} | J13: 204 No Content; record sits in recycle bin 90 days | K13: Not Started
A14: 13 | B14: 9 | C14: Day 3 | D14: 3 Custom properties | E14: Intermediate | F14: Custom property | G14: List property groups and properties of contacts | H14: GET | I14: /crm/v3/properties/contacts/groups and /crm/v3/properties/contacts | J14: Note internal names, groupName contactinformation | K14: Not Started
A15: 14 | B15: 10 | C15: Day 3 | D15: 3 Custom properties | E15: Intermediate | F15: Custom property | G15: Create a single line text property | H15: POST | I15: /crm/v3/properties/contacts | J15: type string, fieldType text, plus name, label, groupName | K15: Not Started
A16: 15 | B16: 11 | C16: Day 3 | D16: 3 Custom properties | E16: Intermediate | F16: Custom property | G16: Create a number property | H16: POST | I16: /crm/v3/properties/contacts | J16: type number, fieldType number | K16: Not Started
A17: 16 | B17: 12 | C17: Day 3 | D17: 3 Custom properties | E17: Intermediate | F17: Custom property | G17: Create a dropdown select property with options | H17: POST | I17: /crm/v3/properties/contacts | J17: type enumeration, fieldType select, options [{label,value,displayOrder}] | K17: Not Started
... A70: 69 | B70: 65 | C70: Day 14 | D70: 10 Cleanup | E70: Advanced | F70: Cleanup | G70: Archive all practice contacts and companies | H70: POST | I70: /crm/v3/objects/contacts/batch/archive and /crm/v3/objects/companies/batch/archive | J70: Search CONTAINS_TOKEN test+ to collect ids first | K70: Not Started
A71: 70 | B71: New | C71: Day 14 | D71: 11 Mini project | E71: Advanced | F71: Mini project | G71: Script: read a CSV of 20 people and companies, upsert contacts by email, upsert companies by domain, associate with a label, handle 429, print batch errors | H71: Script | I71: Combine steps 38, 57, 63, 64 | J71: Demo this to your TL | K71: Not Started

Sheet Concepts
A1: Term | B1: Meaning | C1: Example
A2: Portal / Account | B2: Your HubSpot workspace; has an ID called Hub ID | C2: 12345678
A3: Object | B3: A type of data, like a table | C3: contacts, companies, deals
A4: Record | B4: One row of an object | C4: The contact John Smith
A5: Property | B5: A field / column on an object | C5: email, firstname, phone
A6: Internal name vs label | B6: API uses the internal name; the UI shows the label | C6: firstname vs First Name
A7: Property type / fieldType | B7: type = how data is stored; fieldType = how it shows in the UI | C7: enumeration + select = dropdown
A8: Association | B8: A link between two records | C8: John works at Acme Inc
A9: Association type id | B9: Number identifying the kind of link | C9: 279 contact to company, 280 company to contact, 1 primary
A10: Association category | B10: Who defined the type | C10: HUBSPOT_DEFINED or USER_DEFINED
A11: Association label | B11: The role of the link (paid tiers) | C11: Decision Maker, Billing Contact
A12: Archive | B12: Delete; record stays in recycle bin for 90 days | C12: DELETE /crm/v3/objects/contacts/{id}
... A17: Docs | B17: Official API reference | C17: https://developers.hubspot.com/docs/api-reference
